text,label
"Through 272 games (22%) of the 25-26 season, fouls and free throws per game are the highest they've been in 20 years. Stan Van Gundy reports from talking to coaches that they are copying OKC and teaching defense differently. They no longer prioritize avoiding fouls in favor of forcing more turnovers
This season's fouls per game (21.5 per team, 43 per game) and free throws per game (25.2 per team, 50.4 per game) are the highest league wide marks since 2006-07

Free throw rate or per field goal attempt is at a 16 year high.

On a per possession basis, these numbers are higher than they've been in over 10 years. Fouls per possession are up 14% from last year, the highest single year-to-year jump ever in NBA history.

Source for stats: https://www.basketball-reference.com/leagues/NBA_stats_per_game.html

On the most recent Zach Lowe Show, Stan Van Gundy cites a conversation he had with Cavs coach Kenny Atkinson. Atkinson expressed jealousy that OKC was ahead of the curve in discovering a competitive advantage by making the tradeoff of committing more fouls for forcing more turnovers. Avoiding fouls used to be the priority because of the efficiency of free throws, but it's now shifted that the chance of forcing a turnover is worth the risk of a foul. Teams are also now using NFL film to teach how to strip the ball from offensive players. As some confirmation of that point, steals per game at 8.5 (x2) are the highest they've been since 93-94. Turnovers per game are also at a 20 year high, though some of this is due to an increase in pace.

The most recent Thinking Basketball podcast had a somewhat uncharacteristically negative segment, calling the trend ""Slop Ball"" because of how much more stoppages there are and how the games feel slower as a result, though that includes the compounding effect of the increased fouls with new high five rule, coach's challenges, and replay reviews.",Analysis 
"Ever since Udonis Haslem got onto K’elel Ware for being ass at rebounding, Ware has been averaging 17 points, 16 rebounds, and 2.4 stocks. He is now top 10 in the NBA in total rebounds in just 25 minutes per game.
Udonis Haslem texted Ware to go watch film after he got dominated by Mitchell Robinson in a loss to the Knicks. Since then, he has been the best rebounder in basketball and has been averaging 17/16/1/1/2 a game on 61% TS

https://www.statmuse.com/nba/ask?q=kel%27el+ware+stats+in+his+last+5+games",Analysis 
"1. Feb 4, 2012 @ New Jersey Nets (NYK 99, NJN 92)
Line: 25 points, 7 assists, 5 rebounds on 57% TS
Tactical Note: Made quick reads in P&R, utilized Chandler as lob/roll threat, exploited Novak spacing.
Lin highlights: https://www.youtube.com/watch?v=7mr3P2JMcd8",Analysis 
"2. Feb 6, 2012 vs Utah Jazz (NYK 99, UTA 88)
Line: 28 Pts, 8 AST on 68% TS
Tactical Note: Penetration + kick to 3s (Novak), and aggressive reads to spring teammates off the roll.
Highlights: https://www.youtube.com/watch?v=Mm-UHAWPpxo",Analysis 
"3. February 8, 2012 vs. Washington Wizards (Knicks win 107-93)
Stat line: 23 points, 10 assists. This was the first game in the streak in which Lin achieved double-digit assists, and this was a clue that he was something more than a scoring guard. He ran through defensive schemes, punished traps, and constantly found cutting players and shooters when the Wizards doubled him. The assist stat was validation that his court awareness and decision-making could hold up in large minutes.
Why it was important: It demonstrated to the Knicks and to the league that Lin could operate an offense, rather than just score for himself. He proved that he was comfortable integrating scoring with passing, keeping momentum even when defenses zeroed in on him.
Tactical note: The pick-and-roll to the left worked particularly well. Lin added misdirection handoffs to freeze defenders, as Steve Novak’s periphery spacing created gaps for drives and kick-outs.",Analysis 
"4. Feb. 10, 2012 vs Los Angeles Lakers (Knicks 92, Lakers 85)
Stat line: 38 points, 7 assists, 4 rebounds, 2 steals. This was Lin’s coming-out party, which took place on national television versus the Lakers’ Kobe Bryant in Madison Square Garden. He attacked all the time, finishing through traffic, hitting pull-up threes, and rendering the Lakers’ perimeter defenders slow-footed and reactive.
Tactical note: Lin’s change-of-direction quickness was something that the Lakers couldn’t match. He created isolation situations when the breakdown took place but still recovered to the pick-and-pop to keep game balance. His ability to score individually while involving others rendered him unstoppable.",Analysis 
"5. February 11, 2012 at Minnesota Timberwolves (Knicks 100, Timberwolves 98)
Stat line: 20 points, 8 assists in nearly 39 minutes. Lin bore big minutes and got to many shots, though shot inconsistently. He did miss some big looks late but still facilitated and carried the Knicks' offense.
Tactical note: Given Minnesota’s length, finishing in the paint was challenging for him, so Lin moved to higher-volume passing. His ability to keep teammates in the flow ensured that the Knicks still constructed good possessions.",Analysis 
"6. February 14, 2012 vs Toronto Raptors (Knicks 88, Raptors 86)
Stat line: 27 points, 11 assists on Valentine's Day, capped off by the memorable game-winning jumper with half a second to go. The boxscore is another great playmaking game, though what made this game memorable was that game-ending shot, a baseline pull-up jumper that cemented him as a closer.
Tactical note: Lin assumed full control in a pressure-cooker end-game situation. He isolated on the perimeter, drained the clock with the dribble, and fashioned the end shot all by himself—nerves of steel that became the signature of the streak.",Analysis 
"7. February 15, 2012 vs Sacramento Kings (Knicks 100, Kings 85)
Stat line: Balanced scoring and passing in easy win with 10 points and 13 assists. Less flashy than in other games, though, Lin controlled pace and extended Knicks’ winning streak.
Tactical note: Sacramento packed the paint more and more, yet Lin was expecting it, giving timely kick-outs. His evolution as a passer underscored his adaptability.",Analysis 
"8. Feb. 17, 2012 vs New Orleans Hornets (Hornets 89, Knicks 85)
Stat line: A tough night in defeat, with 9 turnovers and 26 points, but only 5 assists.
Tactical note: New Orleans was deliberate in applying on-ball pressure, which forced Lin to hurry through his reads. Playing staggering minutes and serving as the offense's primary workload carrier wore him down, as Lin struggled to conform to the defensive schemes.",Analysis 
"9. Feb 19, 2012 vs Dallas Mavericks (Knicks 104, Mavericks 97)
Stat line: 28 points, 14 assists. Against the defending champions, Lin put in perhaps his most all-around game in the streak. He combined big-time scoring with world-class passing, passing the ball to all who waited and dismantling Dallas’s defense with pick-and-pop accuracy.
Tactical note: Lin’s pick-and-roll patience was perfect. He read Dallas coverages, utilized the roll man when available, and punished help defenders with kickouts to shooters. It was pure offense control.",Analysis 
"10. Feb. 20, 2012 vs New Jersey Nets (Nets 100, Knicks 92)
Stat line: A loss despite another big statistical output from Lin.
Tactical note: Lin was specifically targeted by Nets in switching, putting him into tough situations. Spacing was inconsistent, as were other Knicks who failed to create shots, making his workload very heavy.",Analysis 
"11. Feb. 22, 2012 vs Atlanta Hawks (Knicks 99, Hawks 82)
Stat line: 17 points, 9 assists in solid performance that clinched the legendary streak. Lin balanced scoring with controlled pacing and helped Knicks beat the Hawks handily.
Tactical note: Lin mixed penetration with pick-and-roll reads to get shooters and bigs in a flow. Maybe equally important was that the Knicks’ D stabilized, allowing Lin to run the game in his pace.
",Analysis 
"BEST PERFORMANCE in a SUPPORTING ROLE

The actual Oscars for ""Best Supporting Actor"" and ""Actress"" may go to Kieran Culkin (for A Real Pain) and Zoe Saldana (for Emilia Perez) -- two roles that were arguably the leads of their movies.

Instead, we should try to find true SUPPORTING roles, wherein a player sacrifices their stats and ego for the good of the team and the good of their lead star. Boston Sixth Man Payton Pritchard is a contender, as is the Houston bench mob led by Amen Thompson and Tari Eason. But in terms of putting his ego aside and helping a team win, no one's done a more admirable job than one-time superstar Russell Westbrook.

Many wrote Westbrook off for dead. He'd gone from MVP ballots to reddit ""LVP"" ballots. Rather than sulk, Westbrook has kept plugging away in whatever role the Nuggets need from him. He's played about half his games on the bench -- half in the starting lineup -- and played efficiently in both roles (averaging 13.1 PPG and 6.5 APG per game). He's been an enthusiastic teammate. Heck, he's even shot the ball well. I'm skeptical that he'll keep up that last element through the playoffs, but as far as midseason awards go, he deserves his kudos and his trophy.",Analysis 
"BEST COSTUME DESIGN

NBA teams love their ""city"" designs / cash grabs. The most noteworthy and popular among them this season was the Toronto Raptors ode to Vince Carter.

The concept is great -- but I'm not in love with the execution. To me, it looks like the raptor is juggling his balls more like Pedro Cerano than Vince Carter. So in an upset, I'm giving this to Houston and their H-Town jerseys. Sometimes those city monikers -- like ""The Land"" or ""The Valley"" -- feel forced to me, but H-Town seems like a nickname that people outside of that specific city have endorsed.",Analysis 
"BEST ANIMATED SHORT

We want to give this award to a SHORT player, with little guys like Chris Paul (at 6'0""), Jalen Brunson (6'1""), and Fred VanVleet (6'0"") as top contenders. The Cleveland guards Darius Garland (6'1"") and Donovan Mitchell (6'3"") are also great candidates. Prior to this season, there was a concern that having two small guards like Garland and Mitchell would be a fatal flaw with the team. Turns out: the Cavs have survived it just fine.

But if we're awarding an inch-for-inch output, the Knicks' Josh Hart is the one playing ""bigger"" than his size. He's only 6'4"", but you'd never know it based on his statlines. He's crashing the glass for 9.8 rebounds per game. He's also slicing and dicing and converting 66.2% from two-point range. He's been the ultimate glue guy -- true ""super glue"".",Analysis 
"BEST MAKEUP/HAIRSTYLING

We don't see a lot of whacky, Dennis Rodman-type hairdos anymore, so this will default to multi-time winner Kelly Oubre who has always styled and profiled his way into the hearts of fans and GMs alike. He certainly looks like a star, even if he doesn't always play like it. In fact, Oubre has played 10 seasons now -- for 5 different franchises -- but has never registered as a positive player based on box plus/minus in any single year. And yet again, he's starting for Philadelphia and logging heavy minutes at 33.6 per game.",Analysis 
"2007-2008 Kobe Bryant (MVP): 28.3 ppg 6.3 rpg 5.4 apg 1.4 spg on 45.9%/36.1%/ 84% (fg%,3p%,ft%), which is 57.6 TS%

In the playoffs he was 30.1 ppg 5.7 rpg 5.6 apg 1.7 spg on 47.9%/30.2%/81% which is 57.7 TS%. He lost in 6 games to the Boston Celtics in the finals. Lakers made a trade for Gasol mid season that finally gave the team the co star to Kobe he needed to make a run.",Analysis 
"2008-2009 Bryant

26.8 ppg 5.2 rpg 4.9 apg 1.5 spg on 46.7%/36.1%/85.6% which is 56.1 TS%

In the playoffs that became 30.2 ppg 5.3 rpg 5.5 apg 1.7 spg on 45.7%/34.9%/88.3% as he won his 4th title and first finals MVP.",Analysis 
"2009-2010 Bryant:

27 ppg 5.4 rpg 5.0 apg 1.5 spg on 45.6%/32.9%/81.1% which is 54.5 TS%.

In the playoffs that became: 29.2 ppg 6 rpg 5.5 apg 1.3 spg on 45.8%/37.4%/84.2%. He won his 5th title and second finals MVP.",Analysis 
"In comparison to MJ in his second 3peat:

95-96 MJ:

30.4 ppg 6.6 rpg 4.3 apg 2.2 spg on 49.5/42.7/83.4%, which is 58.2 TS%. Won MVP and Bulls won 72-10.

In the playoffs he averaged: 30.7 ppg 4.9 rpg 4.1 apg 1.8 spg on 45.9%/40.3%/81.8%, which is 56.4 TS%. He won his 4th ring and 4th finals MVP.",Analysis 
"96-97 MJ

Bulls go 69-13 but MJ doesn’t win MVP. In the regular season he still puts up: 29.6 ppg 5.9 rpg 4.3 apg 1.7 spg on 48.6%/37.4%/83.3% which is 56.7 TS%.

In the playoffs he averages 31.1 ppg 7.9 rpg 4.8 apg 1.6 spg on 45.6%/40.3%/81.8%, which is 52.4 TS%. He won his 5th ring and 5th Finals MVP.",Analysis 
"97-98 Last Dance MJ

MJ has to carry the Bulls during the regular season because of Pippen injuries and wins his 5th MVP this season at 34/35 years old.

Regular Season: 28.7 ppg 5.8 rpg 3.5 apg 1.7 spg on 46.5%/23.8%/78.4% which is 53.3 TS%.

In the playoffs, he averages 32.4 ppg 5.1 rpg 3.5 apg 1.5 spg on 46.2%/30.%/81.2% which is 54.5 TS%.",Analysis 
"
Rank	Player	Weighted WAR
1	LeBron James	212.4
2	Michael Jordan	211.2
3	John Stockton	195
4	Chris Paul	169.6
5	Magic Johnson	162.2
6	Larry Bird	149.9
7	Kobe Bryant	148.4
8	Tim Duncan	147.7
9	Kevin Garnett	146
10	David Robinson	145.4
11	Scottie Pippen	143.3
12	Stephen Curry	142.5
13	Charles Barkley	142.5
14	James Harden	139.2
15	Jason Kidd	138.7
16	Karl Malone	137.1
17	Clyde Drexler	135.5
18	Hakeem Olajuwon	135.1
19	Dirk Nowitzki	131.5
20	Shaquille O'Neal	128.4
21	Gary Payton	126.5
22	Kevin Durant	123.2
23	Dwyane Wade	119.2
24	Reggie Miller	116.9
25	Ray Allen	114
26	Manu Ginobili	111.5
27	Paul Pierce	109.6
28	Maurice Cheeks	103.4
29	Julius Erving	103.1
30	Kareem Abdul-Jabbar	102.1
31	Steve Nash	102
32	Vince Carter	99.7
33	Kawhi Leonard	98.7
34	Isiah Thomas	97.7
35	Paul George	97.7
36	Shawn Marion	96.4
37	Kyle Lowry	95.8
38	Russell Westbrook	95.5
39	Jeff Hornacek	95.4
40	Mookie Blaylock	95.3
41	Eddie Jones	93.9
42	Chauncey Billups	93.6
43	Tracy McGrady	93.3
44	Terry Porter	91.4
45	Ben Wallace	90.7
46	Draymond Green	90.6
47	Nikola Jokic	90.2
48	Moses Malone	89.7
49	Andre Iguodala	89.2
50	Tim Hardaway	88.8
51	Baron Davis	86.6
52	Dominique Wilkins	86.2
53	Jimmy Butler	84.7
54	Patrick Ewing	84.5
55	Allen Iverson	84.3
56	Derek Harper	83.6
57	Robert Parish	83.2
58	Kevin Johnson	82.2
59	Dwight Howard	81.9
60	Mike Conley	81.4
61	Rasheed Wallace	81
62	Damian Lillard	80.4
63	Jason Terry	80.2
64	Horace Grant	80.1
65	Mark Jackson	80.1
66	Adrian Dantley	77.6
67	Giannis Antetokounmpo	77.6
68	Pau Gasol	77.6
69	Hersey Hawkins	77.1
70	Andre Miller	76.4
71	Metta World Peace	76.2
72	Larry Nance	75.9
73	Rashard Lewis	75.5
74	Anthony Davis	75.1
75	Dan Majerle	75.1
76	Chris Mullin	75
77	Doc Rivers	74.4
78	Fat Lever	73.1
79	Andrei Kirilenko	72.6
80	Shane Battier	72.1
81	Grant Hill	71.9
82	Paul Millsap	71.5
83	Sidney Moncrief	71.2
84	Alvin Robertson	71.2
85	Kevin McHale	71.1
86	Gus Williams	70.5
87	Rudy Gobert	70.2
88	Deron Williams	69.9
89	James Worthy	69.4
90	Jack Sikma	69.2
91	Elton Brand	69.1
92	Marques Johnson	69.1
93	Jrue Holiday	69
94	Rod Strickland	68.6
95	Kemba Walker	68.1
96	Alex English	68
97	LaMarcus Aldridge	67.7
98	Marc Gasol	67.5
99	Dennis Rodman	67.3
100	Anfernee Hardaway	67.3",Analysis 
"And through 22 games, the Kings are 13-9, good for fifth in the conference. That’s a pretty good place to be!

But the team’s negative underlying point differential suggests that the Kings are overperforming their talent. Last year’s historically great offense has fallen to merely pretty good (13th in the league), and the culprit is easy to identify. The team won’t — or can’t — get to the rack.

Last year, 33.9% of the Kings’ shots occurred at the rim, an average amount. That number impressed me, given the Kings’ relative lack of dynamic off-the-dribble creators and the fact that Golden State’s similar offensive system is consistently last in the league in rack attacks.

This year, though, that number is down to 27.9%, good for third-worst in the league. This isn’t a matter of Fox missing a handful of games — the starting lineup of Fox, Kevin Huerter, Keegan Murray, Harrison Barnes, and Sabonis has a nearly identical share of shots at the rim.

[As always, I've included a bunch of illustrative video clips that add a lot to the reading experience. Click here to view them in-context!]

There is a trickle-down effect, too. Because they aren’t getting to the basket, they’re averaging nearly three fewer made free throws per 100 possessions, too. Although they’re shooting more threes, they’re also shooting more often from the dreaded Bermuda Triangle — the floater zone, where field goal percentages are lost forever.

So, what’s causing the compass to break? Systemic changes by both the offense and opposing defenses have forced the good ship Sacramento slightly off course.

With the ball, the Kings are hunting triples with a new ferocity. Per Cleaning the Glass, which strips out garbage time, 42.3% of their shots are from downtown this season, third-most in the league and up from 38.4%. That’s not quite as large a jump as their decline in rim attacks, but it’s a good chunk of it.

Want more proof? Every single rotation player is shooting less often at the rim this season. Harrison Barnes has transferred 12% of his shots wholesale from the rim to the three-point line, the most dramatic swing. But all of these guys are looking for triples first, triples second, and passes to a teammate behind the arc third.

The change is most superficially noticeable with De’Aaron Fox. Fox is taking four more shots per game than last season; three of those are from deep.

Fox is having an incredible season overall, averaging nearly 30 points per game and shooting 38% from beyond the arc on more than eight attempts per game(!). He’s simultaneously been more aggressive looking for threes and more effective at making them, a fantastic combination, and he’s a legitimate down-ballot MVP candidate.

But sometimes, he’s leaned too far into shooting at the expense of abusing the rim. Fox has made a serious effort to put up more catch-and-shoot threes, but he’s forcing the issue slightly. He’s significantly worse at catch-and-shoots (35%) than at off-the-dribble threes (41%), and there are times he’s clearly thinking he has to shoot it instead of attacking a scrambling defense: [video here]

It’s not just about the threes. More than a third of Fox’s attempts are from floater range, while just 21% occur at the hoop. For the first time in his career, he’s below the median in rim-attack frequency for point guards — despite driving two more times per game!

Floaters, runners, and quick turnarounds are important counters, but I’d love for a player of Fox’s quickness and skill to be more aggressive, particularly since he’s become so good at drawing fouls (nearly eight per game is a superb figure). Like, this is D’Angelo Russell. Go around him, go through him, but don’t bail him out with whatever this is: [video here]

Then again, when watching the film, it’s clear that the rim isn’t as available this season as last season. Teams saw how Golden State sat off a hampered Sabonis when he was in the upper post in last year’s playoffs, and they’ve copied that strategy. He’s not making them pay quite enough. There’s simply no way for the Kings to get to the rim when two defenders are planted in the paint like particularly obstinate trees. Look at where Rudy Gobert is in this picture in relation to Sabonis, his ostensible mark: [pic here]

Here’s Chet Holmgren completely ignoring Sabonis on the perimeter to sit back and contest the eventual Huerter layup attempt. Spoiler: it misses. [video here]

Ideally, the Kings could weaponize that disrespect on those handoffs into open threes, especially when defenders foolishly go under the screen: [video here]

That works, sometimes. But good defenses snuff out those opportunities by chasing shooters over the screen. Sabonis has been more assertive on the short roll or with his back to the basket than he has when given the freedom to attack from 16+ feet. The deep drops he continually faces have led to an increase in tricky in-between midrangers. Sabonis loves the dotted-circle push shot: [video here]

He’s good at them! And he doesn’t take a ton. Sabonis is still a rim-first guy, just not to the same extent he was last season. But faced with defenses sagging like a 90-year-old, Sabonis has exchanged almost exactly one at-rim attempt every game for a middie. There’s a corresponding change in where his teammates shoot from, too — as a whole, Sacramento shoots 4% fewer shots at the rim when Sabonis is on the court than when he’s off.

That math doesn’t work super well over a big sample. Three-pointers are valuable and important, but layups and free throws are still better. Midrangers, even short ones, should be a counter, not a feature.

A slower pace exacerbates the rim problem. The team isn’t running as often as they did last season. Synergy says they have about two fewer transition possessions per game than last season, and they’re a tiny bit slower to attempt a shot after made shots and defensive rebounds despite a league that’s playing slightly faster. Even minuscule differences in per-possession speeds add up over the course of hundreds or thousands of possessions.

The good news is that the team keeps racking up wins anyway. Don’t let this rim quirk fool you: Sabonis is still a monster, and he’s having arguably his best defensive and passing seasons ever (a silver lining to the deep drops he’s facing: clear sightlines to the rest of the court for his laser-guided bounce passes):

The team as a whole is defending better — shoutout to Keegan Murray, growing into the “D” part of 3-and-D. Sacramento is a top-four team in both rim attempts and three-pointers allowed. They aren’t great at bothering shots (Sacramento opponents have shot incredibly well against the Kings for four straight years — luck clearly can’t explain it all), but at least they are giving up the right ones!

But offenses are making shots, and they do every year, so it’s hard to expect them to start missing now. The defense is still below average overall, and given the personnel on this team, they’ll never be able to bank on that side of the ball.

(Side note: this is almost unbelievable, but the Kings have been 25th or worse in defending the rim for all 21 seasons in Cleaning the Glass’ database except one (when they were 19th in 2017-2018). That isn’t just matador defense. That’s rolling out the red carpet to opponents, putting up the velvet ropes, and gently escorting ballhandlers down the lane, letting them stop for the paparazzi along the way.)

Some of the problem might stem from a very tough early schedule. They are 0-7 against Houston, the Los Angeles Clippers, and New Orleans (and have five games left against those teams). But they’ve notched more impressive wins, including OKC, the Los Angeles Lakers twice, Minnesota, Dallas, Cleveland, Brooklyn, Phoenix, and a Murray-less Denver.

The weaker Eastern Conference has barely seen what Sacramento can do, and six games against the Pistons, Spurs, and Wizards should be tasty treats as long as the Kings don’t mess around. Like cheap champagne, jacking up a bunch of threes can be a fun night that leads to a nasty hangover when you wake up and realize you shot 9-for-40 from deep, let the Gandalfs win, and left your wallet in the Uber.

The Kings have a solid record at this point. But this is a team with expectations, not just hopes. For them to make it to the second round and beyond, they’ll need to level up their already good offense. The pathway to improvement is clear. Making more of their threes (Murray is the main culprit here, but Kevin Huerter’s 37% would be the second-lowest of his career) would be nice, but they should focus on shifting some of their shots to the rim. Force the issue; get aggressive, particularly when Sabonis isn’t in!

We’ve talked about a bunch of changes that, in a vacuum, are small, but add them up, and you get a big shift in shot profile. Even here, at the tail end of the three-point revolution, shots at the rim remain king. The Kings would do well to remember that.",Analysis 
,Analysis 
,Analysis 
,Analysis 
"Knicks are extremely tough in close games, you really have to blow them out to win.",reaction 
"
Damn KAT out here spitting absolute golden truths.",reaction 
We played like crap and still won by ten. Definitely not the Knicks at their best.,reaction 
"
Fox has to make those floaters and short jumpers they’re going to be there all series. Wemby needs to be more aware of his match ups and slow down a bit, they also need to find him easier looks. Most of these games are probably going to be close games, if they keep executing like this in the 4th they are going to be fucked.",reaction 
BITW huh ? Can't even beat a Antless Wolves lmao,reaction 
Smoking that Jamal Murray pack. All Star season and shot 30 some % from 3. And no defense.,reaction 
GG WOLVES. Winning it all would be the best story in the NBA. Injury plagued but they are DAWGS,reaction 
"
I think the Spurs beat the Timberwolves, but it's definitely not going to be an easy series. Minnesota took 2 games to 1 during the regular season, not that that tells the whole story. With Ant, these Timberwolves can beat anybody..",reaction 
"Shaq blaming Jokic for the loss, when he’s the only one who showed up. Timberwolves have great defense and Jamal Murray went 4/17. Come on.",reaction 
"So, does this make Jaden McDaniels public enemy #1 of Denver for the foreseeable future?

He clowns you, then ends your season.

Singlehandedly making everyone, including those that stood by you, question your entire future. What is even next for these Nuggets?",reaction 
So this is what Giannis haters felt in 2023 after the Miami series,reaction 
"Nuggets could have beaten us in 7, but we just needed 6",reaction 
"I think the Nuggets window is closing. There vets are getting pretty old. Jokic, Murray, AG There all over 30. Maybe not quite yet.They may have 1 more season.",reaction 
I can't believe 50 year old Al Horford just saved the Warriors season lol,reaction 
Pulled that mf out of Alzheimer’s treatment and he immediately went 4/4 from three to crush the Clipper’s playoff Aspirations. It’s like the fuckin Expendables up in here,reaction 
"it’s gotta hurt if you’re the Clippers, but this is just what the Warriors do to people. No lead is safe when you’re going against the GOAT 3-point flamethrower, Al motherfucking Horford",reaction 
almost every Warrior in the 4th Quarter was on fire lol,reaction 
"This is also what the Clippers do to people. Specifically, their fans.",reaction 
That was vintage Warriors man that was an insane comeback,reaction 
Who woulda guessed swapping out Klay for Al Horford would make the Warriors a better 3pt shooting team?,reaction 
Steph and the uncs vs Shai and gen Z give it to me,reaction 
The knicks players will be on vacation while waiting for Det vs Cavs series,reaction 
Yeah. Everybody's better than Jalen Brunson until it's time to be better than Jalen Brunson.' lol.,reaction 
Wolves: where the fuck is Wemby?,reaction 
"
Philly fans still not selling their tickets to Knicks fans?",reaction 
"
Turns out being 7 foot and flopping on the floor like a goddamn fish isn't a recipe to get out of the second round.",reaction 
We never liked Philly Cheesesteaks!!!!,reaction 
"
embiid is such a clown",reaction 
"
Playoff P with 7 points. This guy is the BIGGEST FRAUD in the league. How any of you thought he was any good is beyond me. If you thought this guy was worth the paper his contract was signed on you don't know ball. Been saying since his prime that you can't win with him. Disappears whenever it matters. Have you learned your lesson yet?",reaction 
Is there some kind of turnover record Castle can top?,reaction 
20 turnovers and people blaming refs for the loss is wild,reaction 
"Damn. Harper we need you. Spurs, let us witness BTA please",reaction 
Nobody has more scripted answers than Shai. It’s really really weird. Is he doped to on neurolink or something?,reaction 
"I don't see how Ball wasn't ejected and suspended. Maybe he'll be suspended by the front office today but, this was insane. Ball should be suspended multiple games for what he did.",reaction 
"Haslem and Dirk in the post game said it wasn't ejection-worthy, for what it's worth. Incidents like these happen every game and the only reason it's a debate is because Bam got hurt from it.

I'm not gonna lie to you and say I didn't wince pretty hard at that replay. I really wish he hadn't done it because I knew it would taint whatever we did for the rest of the night. I also agree Heat fans have every right to be upset.

But, I think with incidents like these we have to remember that these are split-second decisions being made by hyper-competitive athletes. It's not fair to judge someone wholly by how those decisions look in a slo-mo replay from countless angles.

And then there's the influence of the outcome. Can you say for certain that if Bam had hopped back up and played the rest of the game, this would be a debate? I don't think you can. The question then becomes, is it fair to litigate the incident based on that?

I think the most logical action is to zoom out and look at the player's record. Was this Draymond or Dort? Hell yeah, hand out the pitchforks. Those guys have a reputation that they've earned. Say what you want about LaMelo, he's not a dirty player.",reaction 
"
Thriller of a game. Coby White is that guy man he made every single big shot the hornets neede",reaction 
"I have been saying for years that basketball players need to learn how to do judo breakfall to prevent hard falls like that. I see bad falls too much. Its easy to learn and build your reflexes so its automatic.

Get ready to get stomped Charlotte",reaction 
Lamelo will probably get suspended for the next game ,reaction 
"The trip aside, honestly can't believe the Hornets won with LaMelo being his ""old"" ""any shot is a good shot"" self, going 12/31 from the field and 2/16 from downtown.",reaction 
Tripping by LaMelo was the play of the game. You gotta think with that ending that Bam would've made the difference. ,reaction 
Win means nothing. Trash ass move by Lamelo. Hope whoever loses the 7th seed battle knocks the Hornets out for that.,reaction 
"They lack interior size, no true power forward on the roster

barnes and trey lyles aren't strong enough to contest the bigger wings and PFs in the league

Personally I think they should try and get siakam or at least get themselves involved in the trade conversations for him. but any kind of upgrade at PF should be considered not just for the all stars. have keegan murray play the 3 and get a siakam-type guy to play the 4. barnes out of the rotation

if they really want to compete with this core they need to make a move like that, cause they are a decent team but nobody thinks they are a real threat to win the title",hot_take
"Yeah, I think Murray is trending the right way, but they could use another forward who can defend. Siakam is super interesting, but he can't shoot this year. I'm a big Siakam fan, so I think he could make it work for sure, but it would change the offense fairly dramatically to have him over Barnes.",hot_take
" watched both kings clippers games and its just way too easy for the clippers big wings kawhi and paul george to punish the kings lack of size. if kings/clips were a playoff series I would bet on the clippers to sweep

and you watch the way that other teams play kawhi putting larger PFs on him, it really tires him out a lot faster having to match up with a legit 4 on both ends

and sabonis is just not a great interior defender. very good or even elite offensive player but rim protection has never been his thing. you can make it work with a guy like him but he needs help in the frontcourt. like jokic he needs his aaron gordon guy backing him up",hot_take
"Yeah. I obviously was focused more on the offense for this analysis, but I agree with your assessment. The Kings aren't particularly beefy, and they don't have many plus defenders on the roster. The system is actually working -- i think the idea that they're doing such a good job limiting layups and threes is impressive -- but dudes just make every shot they take.",hot_take
"they could use a guy like PJ tucker except 5 years younger than PJ himself

maybe they could make do with the real thing, PJ is looking for a new team",hot_take
"I’ve been a big preacher of trading for Siakam since last season. We could use another self creator in the post.

A lot of our struggles on offense have been against the bigger lengthier teams where nobody can get into the paint when the defense gets handsy. A self creator/ISO guy who can operate in the post would do wonders in those matchups. Plus interior defense is needed bad!",hot_take
"
Siakam would be good on the Kings if he can just hit 34-35% from 3 like he did two years ago, instead he's shooting a putrid 21% from deep this year. Maybe playing in the Kings offense would open things up for him and he gets his confidence shooting the 3 back, but that's a gamble for a guy that has shot below average from 3 in the past 4 seasons.

Not to mention the pieces you'd have to trade to get Siakam in the first place. The Raptors aren't just gonna take Harrison Barnes + Filler back for Siakam. So not only are you getting someone that can't shoot this year, you're also giving up rotational players that CAN shoot.

OG makes more sense for the Kings from a fit perspective. He's someone that gives you close to 40% 3 point shooting, elite perimeter defense. Again the problem is who you'd have to trade to get him. Would you give up Keegan Murray for OG if OG verbally agrees that he'll re-sign? He would be an immediate upgrade but I honestly don't know lol.",hot_take
"The timberwolves should trade KAT asap. I loved his game as a rookie, yet after his first two seasons, I've progressively enjoyed his game less. The lack of assertiveness, leadership ability, and his general lethargy are all critical issues for someone expected to be the core franchise piece.",hot_take
"Teams and owners of teams that arent willing to pay luxury tax dont deserve to have NBA teams. I dont care how ridiculous it sounds, you dont get to bitch about big market teams having advantages when teams like OKC and Cleveland have been finals contenders for multiple seasons and have and are eating massive tax bills for the sake of competing. If the Bucks make it to the finals and their owners arent willing to go into the tax to keep their team then Giannis should leave there the first chance he gets. Same goes for any star player in any market.",hot_take
"I've said this in other threads, but if Blake Griffin had a significantly better roster he could be like the 5th best player in the league this season. If you watch Pistons games it's wild how many times Griffin gets tripled or doubled in the paint, finds the open man for a 3, and then they brick the shot. If Detroit's shooting wasn't so bad where other teams barely have to defend the three-point line and he didn't have to share the paint with Drummond, Griffin would be even more effective and efficient in the paint. I think on a better shooting team with a stretch 5 (think something like the bucks roster) his averages could go up from 26.1/8.1/5.4 on 54.3%ts to 27/9/6.5 on 56ts. Obviously its speculation but I think those stats are within reason and would put him in that like top tier of players. But that's with the perfect roster around him.",hot_take
Chandler Parsons’s contract isn’t that bad since he encourages more women to watch our games,hot_take
"The midrange jumper is actually turning into an efficient shot because it’s so loosely defended. With the focus on 3s, defenses are overextending and leaving pockets of space between the paint and 3 point line. An uncontested open shot usually follows some good ball movement. The midrange game has a bad rep because in earlier era’s, it would follow a static isolation based matchup near the elbows. Bigs are also becoming leaner, lengthy and agile. This helps disrupt more shots near the rim on rotations, but they are too far to close out a pull-up j.

",hot_take
Jaylen will develop into a better player than Tatum,hot_take
"As much as this sub idolizes Wilt, he'd be reviled if r/nba were witnessing his actual career. And that's not even accounting for 1960s levels of racism.",hot_take
"My coworkers NBA hot take:

The Dream Team would get absolutely dominated by a modern era ""dream team"" of the best players in today's game. They'd lose by 30+.",hot_take
"Cavs wouldn't have won a championship without JR

",hot_take
"Doncic wasn't snubbed for the All-Star game.

KD and Lebron had similar numbers in their rookie years but because they did not make the playoffs and/or did not have some Shaq/MJ type rookie season, they didn't make it. Same with Doncic.",hot_take
"Anthony Davis is an ineffective basketball player. He is constantly getting away with doing what everyone believes Russell Westbrook is doing, the only difference is that Russell Westbrook actually wins games.",hot_take
"I was going to write AD is so overrated it is ridiculous, he never won more than 50 games, never advanced to WCF and people act like he is the second coming of Timmy. I am adamant that if Pels accepted the Lakers offer they would have won more games in next 6 years than any time they ever won with AD.",hot_take
"Joe Dumars is better than Reggie Miller. More All Star games, more All NBA teams, more All NBA defensive teams, two Rings and a Finals MVP. Joe Dumars never gets ranked higher than Reggie Miller on SG lists and isn't usually ranked at all it's a damn shame. He was only a first option for 2 years unlike Reggie who was his whole career.",hot_take
Three point line sucks and they should just get rid of that shit,hot_take
"
Don't get rid of it, cut it down to 2.5pts though.",hot_take
"Idk about you guys, but I miss watching a defensive minded team lock up the opposition for 75 points. I miss those slow gritty games in general.",hot_take
Klay Thompson is lame,hot_take
Let hand checking happen.,hot_take
The 2014 spurs alone were better then any team mj has ever played in the finals let alone the playoffs,hot_take
Steven Adams does a lot of dirty shit and people don't like talking about it because they like him,hot_take
Sam Hinkie isn't this martyr that people make him out to be at all that's the one thing Coangelo's burner accounts got right.,hot_take
"Andre Iguodala has gotten blatantly overrated the past few years because people only notice the few games that he makes legitimate contributions and just ignore the tons and tons of games(including in the playoffs) where he does nothing. People go out of their way to look for reasons to believe that he is particularly important. Aint 2015 anymore
",hot_take
"NBA doesn't actually give a shit about social/gender/racial issues and inequality they are just better than other leagues at coming across as they do and selling that image.

",hot_take
"Race plays a far bigger role in the debate and divide of opinions about analytics in the NBA than is perceived.
",hot_take
"A lot of the stuff Phil Jackson did to his players in the 90s and 2000's was manipulative as hell amongst other things and would be perceived far differently if it happened today.

",hot_take
"The league is ruining itself by encouraging high scoring games through changing the way the game is called. Stuff like this year's freedom of movement, travels, step back 3s, arent sustainable changes that will lead to a true competitive league in the future.",hot_take
3 pointers are ruining basketball,hot_take
"Lebron only makes role players better, he diminishes other stars.",hot_take
"
Kuzma is at or near his peak due to his lack of athleticism.",hot_take
Nova Knicks...Donte DiVincenzo somewhere punching the air right now.,hot_take
"Congratulations to the Knicks and their fans. Well deserved. Prayers up for NYPD. Good luck out there boys.

",hot_take
Spurs shits the bed as usual. Congratulations to the NY Knicks.,hot_take
"Only game they lost in months was because of the cheeto in charge and his curse.

What a team. Just 0 quit.",hot_take
Dude kornet was grabbing the ball...dumbass ran into kornett and knocked himself out. ,hot_take
"I really dont like the lakers sub. I go there because a lot of the people are cool.
 But theres so many people that make me sick there. I remember when we beat Utah last year behind Nick Young's 42 points, 
and the top post of r/lakers was ""FUCK NICK YOUNG!!!!"". Simply because it hurt our lottery chances. 
Seriously, the guy played his heart out every game for his team, city, and the chance to actually get a chance to stay with the Lakers. 
Like sorry he didnt want to throw in the towel and play like shit so you whiny bitch laker fans can get a better pick.
 Since when do the lakers celebrate being fucking mediocre, and criticize a player when he puts it all on the line to help the team not be mediocre?",hot_take